VLK ,Metric
vpu,{{ HOSTNAME }}.cpu.percent-idle
vpu,{{ HOSTNAME }}.cpu.percent-interrupt
vpu,{{ HOSTNAME }}.cpu.percent-nice
vpu,{{ HOSTNAME }}.cpu.percent-softirq
vpu,{{ HOSTNAME }}.cpu.percent-steal
vpu,{{ HOSTNAME }}.cpu.percent-system
vpu,{{ HOSTNAME }}.cpu.percent-user
vpu,{{ HOSTNAME }}.cpu.percent-wait
vurl_json,{{ HOSTNAME }}.curl_json-spokes-sweeper.gauge-spokes-Entity-Gist-Critical
vurl_json,{{ HOSTNAME }}.curl_json-spokes-sweeper.gauge-spokes-Entity-Gist-Degraded
vurl_json,{{ HOSTNAME }}.curl_json-spokes-sweeper.gauge-spokes-Entity-Gist-Healthy
vurl_json,{{ HOSTNAME }}.curl_json-spokes-sweeper.gauge-spokes-Entity-Gist-PlacerEvaluation-Catastrophic
curl_json,{{ HOSTNAME }}.curl_json-spokes-sweeper.gauge-spokes-Entity-Gist-PlacerEvaluation-Critical
curl_json,{{ HOSTNAME }}.curl_json-spokes-sweeper.gauge-spokes-Entity-Gist-PlacerEvaluation-Grave
curl_json,{{ HOSTNAME }}.curl_json-spokes-sweeper.gauge-spokes-Entity-Gist-PlacerEvaluation-Info
curl_json,{{ HOSTNAME }}.curl_json-spokes-sweeper.gauge-spokes-Entity-Gist-PlacerEvaluation-Notice
curl_json,{{ HOSTNAME }}.curl_json-spokes-sweeper.gauge-spokes-Entity-Gist-PlacerEvaluation-Serious
curl_json,{{ HOSTNAME }}.curl_json-spokes-sweeper.gauge-spokes-Entity-Gist-PlacerEvaluation-Warning
curl_json,{{ HOSTNAME }}.curl_json-spokes-sweeper.gauge-spokes-Entity-Gist-Reweighted
curl_json,{{ HOSTNAME }}.curl_json-spokes-sweeper.gauge-spokes-Entity-Network-Critical
curl_json,{{ HOSTNAME }}.curl_json-spokes-sweeper.gauge-spokes-Entity-Network-Degraded
curl_json,{{ HOSTNAME }}.curl_json-spokes-sweeper.gauge-spokes-Entity-Network-Healthy
curl_json,{{ HOSTNAME }}.curl_json-spokes-sweeper.gauge-spokes-Entity-Network-PlacerEvaluation-Catastrophic
curl_json,{{ HOSTNAME }}.curl_json-spokes-sweeper.gauge-spokes-Entity-Network-PlacerEvaluation-Critical
curl_json,{{ HOSTNAME }}.curl_json-spokes-sweeper.gauge-spokes-Entity-Network-PlacerEvaluation-Grave
curl_json,{{ HOSTNAME }}.curl_json-spokes-sweeper.gauge-spokes-Entity-Network-PlacerEvaluation-Info
curl_json,{{ HOSTNAME }}.curl_json-spokes-sweeper.gauge-spokes-Entity-Network-PlacerEvaluation-Notice
curl_json,{{ HOSTNAME }}.curl_json-spokes-sweeper.gauge-spokes-Entity-Network-PlacerEvaluation-Serious
curl_json,{{ HOSTNAME }}.curl_json-spokes-sweeper.gauge-spokes-Entity-Network-PlacerEvaluation-Warning
curl_json,{{ HOSTNAME }}.curl_json-spokes-sweeper.gauge-spokes-Entity-Network-Reweighted
curl_json,{{ HOSTNAME }}.curl_json-spokes-sweeper.gauge-spokes-Fleet-Online
curl_json,{{ HOSTNAME }}.curl_json-spokes-sweeper.gauge-spokes-Fleet-Unavailable
curl_json,{{ HOSTNAME }}.curl_json-spokes-sweeper.gauge-spokes-Replica-Gist-Global-Creating
curl_json,{{ HOSTNAME }}.curl_json-spokes-sweeper.gauge-spokes-Replica-Gist-Global-Destroying
curl_json,{{ HOSTNAME }}.curl_json-spokes-sweeper.gauge-spokes-Replica-Gist-Global-Dormant
curl_json,{{ HOSTNAME }}.curl_json-spokes-sweeper.gauge-spokes-Replica-Gist-Global-Failed
curl_json,{{ HOSTNAME }}.curl_json-spokes-sweeper.gauge-spokes-Replica-Gist-Global-Repairing
curl_json,{{ HOSTNAME }}.curl_json-spokes-sweeper.gauge-spokes-Replica-Network-Global-Creating
curl_json,{{ HOSTNAME }}.curl_json-spokes-sweeper.gauge-spokes-Replica-Network-Global-Destroying
curl_json,{{ HOSTNAME }}.curl_json-spokes-sweeper.gauge-spokes-Replica-Network-Global-Dormant
curl_json,{{ HOSTNAME }}.curl_json-spokes-sweeper.gauge-spokes-Replica-Network-Global-Failed
curl_json,{{ HOSTNAME }}.curl_json-spokes-sweeper.gauge-spokes-Replica-Network-Global-Repairing
curl_json,{{ HOSTNAME }}.curl_json-spokes-sweeper.gauge-spokes-ReportLock
df,{{ HOSTNAME }}.df-data-user.df_complex-free
df,{{ HOSTNAME }}.df-data-user.df_complex-reserved
df,{{ HOSTNAME }}.df-data-user.df_complex-used
df,{{ HOSTNAME }}.df-dev-shm.df_complex-free
df,{{ HOSTNAME }}.df-dev-shm.df_complex-reserved
df,{{ HOSTNAME }}.df-dev-shm.df_complex-used
df,{{ HOSTNAME }}.df-dev.df_complex-free
df,{{ HOSTNAME }}.df-dev.df_complex-reserved
df,{{ HOSTNAME }}.df-dev.df_complex-used
df,{{ HOSTNAME }}.df-root.df_complex-free
df,{{ HOSTNAME }}.df-root.df_complex-reserved
df,{{ HOSTNAME }}.df-root.df_complex-used
df,{{ HOSTNAME }}.df-run-lock.df_complex-free
df,{{ HOSTNAME }}.df-run-lock.df_complex-reserved
df,{{ HOSTNAME }}.df-run-lock.df_complex-used
df,{{ HOSTNAME }}.df-run-user-501.df_complex-free
df,{{ HOSTNAME }}.df-run-user-501.df_complex-reserved
df,{{ HOSTNAME }}.df-run-user-501.df_complex-used
df,{{ HOSTNAME }}.df-run.df_complex-free
df,{{ HOSTNAME }}.df-run.df_complex-reserved
df,{{ HOSTNAME }}.df-run.df_complex-used
df,{{ HOSTNAME }}.df-sys-fs-cgroup.df_complex-free
df,{{ HOSTNAME }}.df-sys-fs-cgroup.df_complex-reserved
df,{{ HOSTNAME }}.df-sys-fs-cgroup.df_complex-used
disk,{{ HOSTNAME }}.disk-{{ DISK_NAME }}.disk_io_time
disk,{{ HOSTNAME }}.disk-{{ DISK_NAME }}.disk_octets
disk,{{ HOSTNAME }}.disk-{{ DISK_NAME }}.disk_ops
disk,{{ HOSTNAME }}.disk-{{ DISK_NAME }}.disk_time
disk,{{ HOSTNAME }}.disk-{{ DISK_NAME }}.pending_operations
elasticsearch,{{ HOSTNAME }}.elasticsearch-github-enterprise.bytes-indices_cache_field_size
elasticsearch,{{ HOSTNAME }}.elasticsearch-github-enterprise.bytes-indices_merges_current-size
elasticsearch,{{ HOSTNAME }}.elasticsearch-github-enterprise.bytes-indices_merges_total-size
elasticsearch,{{ HOSTNAME }}.elasticsearch-github-enterprise.bytes-indices_store_size
elasticsearch,{{ HOSTNAME }}.elasticsearch-github-enterprise.bytes-jvm_mem_heap-committed
elasticsearch,{{ HOSTNAME }}.elasticsearch-github-enterprise.bytes-jvm_mem_heap-used
elasticsearch,{{ HOSTNAME }}.elasticsearch-github-enterprise.bytes-jvm_mem_non-heap-committed
elasticsearch,{{ HOSTNAME }}.elasticsearch-github-enterprise.bytes-jvm_mem_non-heap-used
elasticsearch,{{ HOSTNAME }}.elasticsearch-github-enterprise.bytes-transport_rx_size
elasticsearch,{{ HOSTNAME }}.elasticsearch-github-enterprise.bytes-transport_tx_size
elasticsearch,{{ HOSTNAME }}.elasticsearch-github-enterprise.counter-http_total_open
elasticsearch,{{ HOSTNAME }}.elasticsearch-github-enterprise.counter-indices_cache_field_eviction
elasticsearch,{{ HOSTNAME }}.elasticsearch-github-enterprise.counter-indices_docs_deleted
elasticsearch,{{ HOSTNAME }}.elasticsearch-github-enterprise.counter-indices_flush_time
elasticsearch,{{ HOSTNAME }}.elasticsearch-github-enterprise.counter-indices_flush_total
elasticsearch,{{ HOSTNAME }}.elasticsearch-github-enterprise.counter-indices_get_exists-time
elasticsearch,{{ HOSTNAME }}.elasticsearch-github-enterprise.counter-indices_get_exists-total
elasticsearch,{{ HOSTNAME }}.elasticsearch-github-enterprise.counter-indices_get_missing-time
elasticsearch,{{ HOSTNAME }}.elasticsearch-github-enterprise.counter-indices_get_missing-total
elasticsearch,{{ HOSTNAME }}.elasticsearch-github-enterprise.counter-indices_get_time
elasticsearch,{{ HOSTNAME }}.elasticsearch-github-enterprise.counter-indices_get_total
elasticsearch,{{ HOSTNAME }}.elasticsearch-github-enterprise.counter-indices_indexing_delete-time
elasticsearch,{{ HOSTNAME }}.elasticsearch-github-enterprise.counter-indices_indexing_delete-total
elasticsearch,{{ HOSTNAME }}.elasticsearch-github-enterprise.counter-indices_indexing_index-time
elasticsearch,{{ HOSTNAME }}.elasticsearch-github-enterprise.counter-indices_indexing_index-total
elasticsearch,{{ HOSTNAME }}.elasticsearch-github-enterprise.counter-indices_merges_time
elasticsearch,{{ HOSTNAME }}.elasticsearch-github-enterprise.counter-indices_merges_total
elasticsearch,{{ HOSTNAME }}.elasticsearch-github-enterprise.counter-indices_refresh_time
elasticsearch,{{ HOSTNAME }}.elasticsearch-github-enterprise.counter-indices_refresh_total
elasticsearch,{{ HOSTNAME }}.elasticsearch-github-enterprise.counter-indices_search_fetch-time
elasticsearch,{{ HOSTNAME }}.elasticsearch-github-enterprise.counter-indices_search_fetch-total
elasticsearch,{{ HOSTNAME }}.elasticsearch-github-enterprise.counter-indices_search_query-time
elasticsearch,{{ HOSTNAME }}.elasticsearch-github-enterprise.counter-indices_search_query-total
elasticsearch,{{ HOSTNAME }}.elasticsearch-github-enterprise.counter-indices_store_throttle-time
elasticsearch,{{ HOSTNAME }}.elasticsearch-github-enterprise.counter-jvm_gc_count
elasticsearch,{{ HOSTNAME }}.elasticsearch-github-enterprise.counter-jvm_gc_old-count
elasticsearch,{{ HOSTNAME }}.elasticsearch-github-enterprise.counter-jvm_gc_old-time
elasticsearch,{{ HOSTNAME }}.elasticsearch-github-enterprise.counter-jvm_gc_time
elasticsearch,{{ HOSTNAME }}.elasticsearch-github-enterprise.counter-thread_pool_bulk_completed
elasticsearch,{{ HOSTNAME }}.elasticsearch-github-enterprise.counter-thread_pool_bulk_rejected
elasticsearch,{{ HOSTNAME }}.elasticsearch-github-enterprise.counter-thread_pool_flush_completed
elasticsearch,{{ HOSTNAME }}.elasticsearch-github-enterprise.counter-thread_pool_flush_rejected
elasticsearch,{{ HOSTNAME }}.elasticsearch-github-enterprise.counter-thread_pool_generic_completed
elasticsearch,{{ HOSTNAME }}.elasticsearch-github-enterprise.counter-thread_pool_generic_rejected
elasticsearch,{{ HOSTNAME }}.elasticsearch-github-enterprise.counter-thread_pool_get_completed
elasticsearch,{{ HOSTNAME }}.elasticsearch-github-enterprise.counter-thread_pool_get_rejected
elasticsearch,{{ HOSTNAME }}.elasticsearch-github-enterprise.counter-thread_pool_index_completed
elasticsearch,{{ HOSTNAME }}.elasticsearch-github-enterprise.counter-thread_pool_index_rejected
elasticsearch,{{ HOSTNAME }}.elasticsearch-github-enterprise.counter-thread_pool_refresh_completed
elasticsearch,{{ HOSTNAME }}.elasticsearch-github-enterprise.counter-thread_pool_refresh_rejected
elasticsearch,{{ HOSTNAME }}.elasticsearch-github-enterprise.counter-thread_pool_search_completed
elasticsearch,{{ HOSTNAME }}.elasticsearch-github-enterprise.counter-thread_pool_search_rejected
elasticsearch,{{ HOSTNAME }}.elasticsearch-github-enterprise.counter-thread_pool_snapshot_completed
elasticsearch,{{ HOSTNAME }}.elasticsearch-github-enterprise.counter-thread_pool_snapshot_rejected
elasticsearch,{{ HOSTNAME }}.elasticsearch-github-enterprise.counter-thread_pool_warmer_completed
elasticsearch,{{ HOSTNAME }}.elasticsearch-github-enterprise.counter-thread_pool_warmer_rejected
elasticsearch,{{ HOSTNAME }}.elasticsearch-github-enterprise.counter-transport_rx_count
elasticsearch,{{ HOSTNAME }}.elasticsearch-github-enterprise.counter-transport_tx_count
elasticsearch,{{ HOSTNAME }}.elasticsearch-github-enterprise.gauge-http_current_open
elasticsearch,{{ HOSTNAME }}.elasticsearch-github-enterprise.gauge-indices_docs_count
elasticsearch,{{ HOSTNAME }}.elasticsearch-github-enterprise.gauge-indices_get_current
elasticsearch,{{ HOSTNAME }}.elasticsearch-github-enterprise.gauge-indices_indexing_delete-current
elasticsearch,{{ HOSTNAME }}.elasticsearch-github-enterprise.gauge-indices_indexing_index-current
elasticsearch,{{ HOSTNAME }}.elasticsearch-github-enterprise.gauge-indices_merges_current
elasticsearch,{{ HOSTNAME }}.elasticsearch-github-enterprise.gauge-indices_merges_current-docs
elasticsearch,{{ HOSTNAME }}.elasticsearch-github-enterprise.gauge-indices_merges_total-docs
elasticsearch,{{ HOSTNAME }}.elasticsearch-github-enterprise.gauge-indices_search_fetch-current
elasticsearch,{{ HOSTNAME }}.elasticsearch-github-enterprise.gauge-indices_search_open-contexts
elasticsearch,{{ HOSTNAME }}.elasticsearch-github-enterprise.gauge-indices_search_query-current
elasticsearch,{{ HOSTNAME }}.elasticsearch-github-enterprise.gauge-jvm_threads_count
elasticsearch,{{ HOSTNAME }}.elasticsearch-github-enterprise.gauge-jvm_threads_peak
elasticsearch,{{ HOSTNAME }}.elasticsearch-github-enterprise.gauge-process_open_file_descriptors
elasticsearch,{{ HOSTNAME }}.elasticsearch-github-enterprise.gauge-thread_pool_bulk_active
elasticsearch,{{ HOSTNAME }}.elasticsearch-github-enterprise.gauge-thread_pool_bulk_largest
elasticsearch,{{ HOSTNAME }}.elasticsearch-github-enterprise.gauge-thread_pool_bulk_queue
elasticsearch,{{ HOSTNAME }}.elasticsearch-github-enterprise.gauge-thread_pool_bulk_threads
elasticsearch,{{ HOSTNAME }}.elasticsearch-github-enterprise.gauge-thread_pool_flush_active
elasticsearch,{{ HOSTNAME }}.elasticsearch-github-enterprise.gauge-thread_pool_flush_largest
elasticsearch,{{ HOSTNAME }}.elasticsearch-github-enterprise.gauge-thread_pool_flush_queue
elasticsearch,{{ HOSTNAME }}.elasticsearch-github-enterprise.gauge-thread_pool_flush_threads
elasticsearch,{{ HOSTNAME }}.elasticsearch-github-enterprise.gauge-thread_pool_generic_active
elasticsearch,{{ HOSTNAME }}.elasticsearch-github-enterprise.gauge-thread_pool_generic_largest
elasticsearch,{{ HOSTNAME }}.elasticsearch-github-enterprise.gauge-thread_pool_generic_queue
elasticsearch,{{ HOSTNAME }}.elasticsearch-github-enterprise.gauge-thread_pool_generic_threads
elasticsearch,{{ HOSTNAME }}.elasticsearch-github-enterprise.gauge-thread_pool_get_active
elasticsearch,{{ HOSTNAME }}.elasticsearch-github-enterprise.gauge-thread_pool_get_largest
elasticsearch,{{ HOSTNAME }}.elasticsearch-github-enterprise.gauge-thread_pool_get_queue
elasticsearch,{{ HOSTNAME }}.elasticsearch-github-enterprise.gauge-thread_pool_get_threads
elasticsearch,{{ HOSTNAME }}.elasticsearch-github-enterprise.gauge-thread_pool_index_active
elasticsearch,{{ HOSTNAME }}.elasticsearch-github-enterprise.gauge-thread_pool_index_largest
haproxy,{{ HOSTNAME }}.haproxy-frontend-git_protocol.de
listener,{{ HOSTNAME }}.listener-ernicorn.gauge-active
listener,{{ HOSTNAME }}.listener-ernicorn.gauge-queued
listener,{{ HOSTNAME }}.listener-gitauth.gauge-active
listener,{{ HOSTNAME }}.listener-gitauth.gauge-queued
listener,{{ HOSTNAME }}.listener-manage.gauge-active
listener,{{ HOSTNAME }}.listener-manage.gauge-queued
listener,{{ HOSTNAME }}.listener-unicorn.gauge-active
listener,{{ HOSTNAME }}.listener-unicorn.gauge-queued
load,{{ HOSTNAME }}.load.load
memcached,{{ HOSTNAME }}.memcached.connections-opened
memcached,{{ HOSTNAME }}.memcached.df-cache
memcached,{{ HOSTNAME }}.memcached.memcached_command-flush
memcached,{{ HOSTNAME }}.memcached.memcached_command-get
memcached,{{ HOSTNAME }}.memcached.memcached_command-set
memcached,{{ HOSTNAME }}.memcached.memcached_command-touch
memcached,{{ HOSTNAME }}.memcached.memcached_connections-current
memcached,{{ HOSTNAME }}.memcached.memcached_items-current
memcached,{{ HOSTNAME }}.memcached.memcached_octets
memcached,{{ HOSTNAME }}.memcached.memcached_ops-decr_hits
memcached,{{ HOSTNAME }}.memcached.memcached_ops-decr_misses
memcached,{{ HOSTNAME }}.memcached.memcached_ops-delete_hits
memcached,{{ HOSTNAME }}.memcached.memcached_ops-delete_misses
memcached,{{ HOSTNAME }}.memcached.memcached_ops-evictions
memcached,{{ HOSTNAME }}.memcached.memcached_ops-hits
memcached,{{ HOSTNAME }}.memcached.memcached_ops-incr
memcached,{{ HOSTNAME }}.memcached.memcached_ops-incr_hits
memcached,{{ HOSTNAME }}.memcached.memcached_ops-incr_misses
memcached,{{ HOSTNAME }}.memcached.memcached_ops-misses
memcached,{{ HOSTNAME }}.memcached.percent-hitratio
memcached,{{ HOSTNAME }}.memcached.percent-incr_hitratio
memcached,{{ HOSTNAME }}.memcached.ps_count
memcached,{{ HOSTNAME }}.memcached.ps_cputime
memcached,{{ HOSTNAME }}.memcached.total_events-listen_disabled
memcached,{{ HOSTNAME }}.memcached.uptime
memory,{{ HOSTNAME }}.memory.memory-buffered
memory,{{ HOSTNAME }}.memory.memory-cached
memory,{{ HOSTNAME }}.memory.memory-free
memory,{{ HOSTNAME }}.memory.memory-slab_recl
memory,{{ HOSTNAME }}.memory.memory-slab_unrecl
memory,{{ HOSTNAME }}.memory.memory-used
minio,{{ HOSTNAME }}.minio.counter-go_gc_duration_seconds
minio,{{ HOSTNAME }}.minio.counter-go_memstats_alloc_bytes_total
minio,{{ HOSTNAME }}.minio.counter-go_memstats_frees_total
minio,{{ HOSTNAME }}.minio.counter-go_memstats_lookups_total
minio,{{ HOSTNAME }}.minio.counter-go_memstats_mallocs_total
minio,{{ HOSTNAME }}.minio.counter-internode_rx_bytes_total
minio,{{ HOSTNAME }}.minio.counter-internode_tx_bytes_total
minio,{{ HOSTNAME }}.minio.counter-process_cpu_seconds_total
minio,{{ HOSTNAME }}.minio.counter-promhttp_metric_handler_requests_total_code=200
minio,{{ HOSTNAME }}.minio.counter-promhttp_metric_handler_requests_total_code=500
minio,{{ HOSTNAME }}.minio.counter-promhttp_metric_handler_requests_total_code=503
minio,{{ HOSTNAME }}.minio.counter-s3_requests_current_api=listobjectsv2
minio,{{ HOSTNAME }}.minio.counter-s3_requests_current_api=putbucket
minio,{{ HOSTNAME }}.minio.counter-s3_requests_total_api=listobjectsv2
minio,{{ HOSTNAME }}.minio.counter-s3_requests_total_api=putbucket
minio,{{ HOSTNAME }}.minio.counter-s3_rx_bytes_total
minio,{{ HOSTNAME }}.minio.counter-s3_ttfb_seconds_api=listobjectsv2
minio,{{ HOSTNAME }}.minio.counter-s3_ttfb_seconds_api=listobjectsv2&le=0.05
minio,{{ HOSTNAME }}.minio.counter-s3_ttfb_seconds_api=listobjectsv2&le=0.1
minio,{{ HOSTNAME }}.minio.counter-s3_ttfb_seconds_api=listobjectsv2&le=0.25
minio,{{ HOSTNAME }}.minio.counter-s3_ttfb_seconds_api=listobjectsv2&le=0.5
minio,{{ HOSTNAME }}.minio.counter-s3_ttfb_seconds_api=listobjectsv2&le=1
minio,{{ HOSTNAME }}.minio.counter-s3_ttfb_seconds_api=listobjectsv2&le=10
minio,{{ HOSTNAME }}.minio.counter-s3_ttfb_seconds_api=listobjectsv2&le=2.5
minio,{{ HOSTNAME }}.minio.counter-s3_ttfb_seconds_api=listobjectsv2&le=5
minio,{{ HOSTNAME }}.minio.counter-s3_ttfb_seconds_api=putbucket
minio,{{ HOSTNAME }}.minio.counter-s3_ttfb_seconds_api=putbucket&le=0.05
minio,{{ HOSTNAME }}.minio.counter-s3_ttfb_seconds_api=putbucket&le=0.1
minio,{{ HOSTNAME }}.minio.counter-s3_ttfb_seconds_api=putbucket&le=0.25
minio,{{ HOSTNAME }}.minio.counter-s3_ttfb_seconds_api=putbucket&le=0.5
minio,{{ HOSTNAME }}.minio.counter-s3_ttfb_seconds_api=putbucket&le=1
minio,{{ HOSTNAME }}.minio.counter-s3_ttfb_seconds_api=putbucket&le=10
minio,{{ HOSTNAME }}.minio.counter-s3_ttfb_seconds_api=putbucket&le=2.5
minio,{{ HOSTNAME }}.minio.counter-s3_ttfb_seconds_api=putbucket&le=5
minio,{{ HOSTNAME }}.minio.counter-s3_tx_bytes_total
minio,{{ HOSTNAME }}.minio.gauge-bucket_objects_count_bucket=turboscan
minio,{{ HOSTNAME }}.minio.gauge-bucket_objects_histogram_bucket=turboscan&object_size=BETWEEN_1024_B_AND_1_MB
minio,{{ HOSTNAME }}.minio.gauge-bucket_objects_histogram_bucket=turboscan&object_size=BETWEEN_10_MB_AND_64_MB
minio,{{ HOSTNAME }}.minio.gauge-bucket_objects_histogram_bucket=turboscan&object_size=BETWEEN_128_MB_AND_512_MB
minio,{{ HOSTNAME }}.minio.gauge-bucket_objects_histogram_bucket=turboscan&object_size=BETWEEN_1_MB_AND_10_MB
minio,{{ HOSTNAME }}.minio.gauge-bucket_objects_histogram_bucket=turboscan&object_size=BETWEEN_64_MB_AND_128_MB
minio,{{ HOSTNAME }}.minio.gauge-bucket_objects_histogram_bucket=turboscan&object_size=GREATER_THAN_512_MB
minio,{{ HOSTNAME }}.minio.gauge-bucket_objects_histogram_bucket=turboscan&object_size=LESS_THAN_1024_B
minio,{{ HOSTNAME }}.minio.gauge-bucket_replication_failed_count_bucket=turboscan
minio,{{ HOSTNAME }}.minio.gauge-bucket_replication_failed_size_bucket=turboscan
minio,{{ HOSTNAME }}.minio.gauge-bucket_replication_pending_count_bucket=turboscan
minio,{{ HOSTNAME }}.minio.gauge-bucket_replication_pending_size_bucket=turboscan
minio,{{ HOSTNAME }}.minio.gauge-bucket_replication_received_size_bucket=turboscan
minio,{{ HOSTNAME }}.minio.gauge-bucket_replication_successful_size_bucket=turboscan
minio,{{ HOSTNAME }}.minio.gauge-bucket_usage_size_bucket=turboscan
minio,{{ HOSTNAME }}.minio.gauge-disk_storage_available_disk=_data
minio,{{ HOSTNAME }}.minio.gauge-disk_storage_total_disk=_data
minio,{{ HOSTNAME }}.minio.gauge-disk_storage_used_disk=_data
minio,{{ HOSTNAME }}.minio.gauge-go_gc_duration_seconds&quantile=0
minio,{{ HOSTNAME }}.minio.gauge-go_gc_duration_seconds&quantile=0.25
minio,{{ HOSTNAME }}.minio.gauge-go_gc_duration_seconds&quantile=0.5
minio,{{ HOSTNAME }}.minio.gauge-go_gc_duration_seconds&quantile=0.75
minio,{{ HOSTNAME }}.minio.gauge-go_gc_duration_seconds&quantile=1
minio,{{ HOSTNAME }}.minio.gauge-go_gc_duration_seconds&sum
minio,{{ HOSTNAME }}.minio.gauge-go_goroutines
minio,{{ HOSTNAME }}.minio.gauge-go_info_version=go1.16.3
minio,{{ HOSTNAME }}.minio.gauge-go_memstats_alloc_bytes
minio,{{ HOSTNAME }}.minio.gauge-go_memstats_buck_hash_sys_bytes
minio,{{ HOSTNAME }}.minio.gauge-go_memstats_gc_cpu_fraction
minio,{{ HOSTNAME }}.minio.gauge-go_memstats_gc_sys_bytes
minio,{{ HOSTNAME }}.minio.gauge-go_memstats_heap_alloc_bytes
minio,{{ HOSTNAME }}.minio.gauge-go_memstats_heap_idle_bytes
minio,{{ HOSTNAME }}.minio.gauge-go_memstats_heap_inuse_bytes
minio,{{ HOSTNAME }}.minio.gauge-go_memstats_heap_objects
minio,{{ HOSTNAME }}.minio.gauge-go_memstats_heap_released_bytes
minio,{{ HOSTNAME }}.minio.gauge-go_memstats_heap_sys_bytes
minio,{{ HOSTNAME }}.minio.gauge-go_memstats_last_gc_time_seconds
minio,{{ HOSTNAME }}.minio.gauge-go_memstats_mcache_inuse_bytes
minio,{{ HOSTNAME }}.minio.gauge-go_memstats_mcache_sys_bytes
minio,{{ HOSTNAME }}.minio.gauge-go_memstats_mspan_inuse_bytes
minio,{{ HOSTNAME }}.minio.gauge-go_memstats_mspan_sys_bytes
minio,{{ HOSTNAME }}.minio.gauge-go_memstats_next_gc_bytes
minio,{{ HOSTNAME }}.minio.gauge-go_memstats_other_sys_bytes
minio,{{ HOSTNAME }}.minio.gauge-go_memstats_stack_inuse_bytes
minio,{{ HOSTNAME }}.minio.gauge-go_memstats_stack_sys_bytes
minio,{{ HOSTNAME }}.minio.gauge-go_memstats_sys_bytes
minio,{{ HOSTNAME }}.minio.gauge-go_threads
minio,{{ HOSTNAME }}.minio.gauge-minio_capacity_raw_free_total
minio,{{ HOSTNAME }}.minio.gauge-minio_capacity_raw_total
minio,{{ HOSTNAME }}.minio.gauge-minio_capacity_usable_free_total
minio,{{ HOSTNAME }}.minio.gauge-minio_capacity_usable_total
minio,{{ HOSTNAME }}.minio.gauge-minio_disks_offline
minio,{{ HOSTNAME }}.minio.gauge-minio_disks_total
minio,{{ HOSTNAME }}.minio.gauge-minio_nodes_offline
minio,{{ HOSTNAME }}.minio.gauge-minio_nodes_online
minio,{{ HOSTNAME }}.minio.gauge-minio_version_info_commit=a7acfa6158ea53c7a38f2034d85fbb8c8111e08a&version=2021-04-22T15:44:28Z
minio,{{ HOSTNAME }}.minio.gauge-process_max_fds
minio,{{ HOSTNAME }}.minio.gauge-process_open_fds
minio,{{ HOSTNAME }}.minio.gauge-process_resident_memory_bytes
minio,{{ HOSTNAME }}.minio.gauge-process_start_time_seconds
minio,{{ HOSTNAME }}.minio.gauge-process_virtual_memory_bytes
minio,{{ HOSTNAME }}.minio.gauge-process_virtual_memory_max_bytes
minio,{{ HOSTNAME }}.minio.gauge-promhttp_metric_handler_requests_in_flight
minio,{{ HOSTNAME }}.minio.gauge-s3_ttfb_seconds_api=listobjectsv2&sum
minio,{{ HOSTNAME }}.minio.gauge-s3_ttfb_seconds_api=putbucket&sum
mysql,{{ HOSTNAME }}.mysql-github.bytes-buffer_pool_size
mysql,{{ HOSTNAME }}.mysql-github.bytes-ibuf_size
mysql,{{ HOSTNAME }}.mysql-github.gauge-file_num_open_files
mysql,{{ HOSTNAME }}.mysql-github.gauge-innodb_activity_count
mysql,{{ HOSTNAME }}.mysql-github.gauge-trx_rseg_history_len
mysql,{{ HOSTNAME }}.mysql-github.mysql_bpool_bytes-data
mysql,{{ HOSTNAME }}.mysql-github.mysql_bpool_bytes-dirty
mysql,{{ HOSTNAME }}.mysql-github.mysql_bpool_counters-pages_flushed
mysql,{{ HOSTNAME }}.mysql-github.mysql_bpool_counters-read_ahead
mysql,{{ HOSTNAME }}.mysql-github.mysql_bpool_counters-read_ahead_evicted
mysql,{{ HOSTNAME }}.mysql-github.mysql_bpool_counters-read_ahead_rnd
mysql,{{ HOSTNAME }}.mysql-github.mysql_bpool_counters-read_requests
mysql,{{ HOSTNAME }}.mysql-github.mysql_bpool_counters-reads
mysql,{{ HOSTNAME }}.mysql-github.mysql_bpool_counters-wait_free
mysql,{{ HOSTNAME }}.mysql-github.mysql_bpool_counters-write_requests
mysql,{{ HOSTNAME }}.mysql-github.mysql_bpool_pages-data
mysql,{{ HOSTNAME }}.mysql-github.mysql_bpool_pages-dirty
mysql,{{ HOSTNAME }}.mysql-github.mysql_bpool_pages-free
mysql,{{ HOSTNAME }}.mysql-github.mysql_bpool_pages-misc
mysql,{{ HOSTNAME }}.mysql-github.mysql_bpool_pages-total
mysql,{{ HOSTNAME }}.mysql-github.mysql_commands-admin_commands
mysql,{{ HOSTNAME }}.mysql-github.mysql_commands-alter_table
mysql,{{ HOSTNAME }}.mysql-github.mysql_commands-begin
mysql,{{ HOSTNAME }}.mysql-github.mysql_commands-call_procedure
mysql,{{ HOSTNAME }}.mysql-github.mysql_commands-change_db
mysql,{{ HOSTNAME }}.mysql-github.mysql_commands-commit
mysql,{{ HOSTNAME }}.mysql-github.mysql_commands-create_db
mysql,{{ HOSTNAME }}.mysql-github.mysql_commands-create_procedure
mysql,{{ HOSTNAME }}.mysql-github.mysql_commands-create_table
mysql,{{ HOSTNAME }}.mysql-github.mysql_commands-create_user
mysql,{{ HOSTNAME }}.mysql-github.mysql_commands-delete
mysql,{{ HOSTNAME }}.mysql-github.mysql_commands-drop_procedure
mysql,{{ HOSTNAME }}.mysql-github.mysql_commands-drop_table
mysql,{{ HOSTNAME }}.mysql-github.mysql_commands-drop_user
mysql,{{ HOSTNAME }}.mysql-github.mysql_commands-execute_sql
mysql,{{ HOSTNAME }}.mysql-github.mysql_commands-flush
mysql,{{ HOSTNAME }}.mysql-github.mysql_commands-grant
mysql,{{ HOSTNAME }}.mysql-github.mysql_commands-insert
mysql,{{ HOSTNAME }}.mysql-github.mysql_commands-insert_select
mysql,{{ HOSTNAME }}.mysql-github.mysql_commands-lock_tables
mysql,{{ HOSTNAME }}.mysql-github.mysql_commands-prepare_sql
mysql,{{ HOSTNAME }}.mysql-github.mysql_commands-reset
mysql,{{ HOSTNAME }}.mysql-github.mysql_commands-rollback
mysql,{{ HOSTNAME }}.mysql-github.mysql_commands-select
mysql,{{ HOSTNAME }}.mysql-github.mysql_commands-set_option
mysql,{{ HOSTNAME }}.mysql-github.mysql_commands-show_create_table
mysql,{{ HOSTNAME }}.mysql-github.mysql_commands-show_fields
mysql,{{ HOSTNAME }}.mysql-github.mysql_commands-show_replica_status
mysql,{{ HOSTNAME }}.mysql-github.mysql_commands-show_slave_status
mysql,{{ HOSTNAME }}.mysql-github.mysql_commands-show_status
mysql,{{ HOSTNAME }}.mysql-github.mysql_commands-show_storage_engines
mysql,{{ HOSTNAME }}.mysql-github.mysql_commands-show_table_status
mysql,{{ HOSTNAME }}.mysql-github.mysql_commands-show_tables
mysql,{{ HOSTNAME }}.mysql-github.mysql_commands-show_triggers
mysql,{{ HOSTNAME }}.mysql-github.mysql_commands-show_variables
mysql,{{ HOSTNAME }}.mysql-github.mysql_commands-show_warnings
mysql,{{ HOSTNAME }}.mysql-github.mysql_commands-unlock_tables
mysql,{{ HOSTNAME }}.mysql-github.mysql_commands-update
mysql,{{ HOSTNAME }}.mysql-github.mysql_commands-update_multi
mysql,{{ HOSTNAME }}.mysql-github.mysql_handler-commit
mysql,{{ HOSTNAME }}.mysql-github.mysql_handler-delete
mysql,{{ HOSTNAME }}.mysql-github.mysql_handler-external_lock
mysql,{{ HOSTNAME }}.mysql-github.mysql_handler-prepare
mysql,{{ HOSTNAME }}.mysql-github.mysql_handler-read_first
mysql,{{ HOSTNAME }}.mysql-github.mysql_handler-read_key
mysql,{{ HOSTNAME }}.mysql-github.mysql_handler-read_last
mysql,{{ HOSTNAME }}.mysql-github.mysql_handler-read_next
mysql,{{ HOSTNAME }}.mysql-github.mysql_handler-read_prev
mysql,{{ HOSTNAME }}.mysql-github.mysql_handler-read_rnd
mysql,{{ HOSTNAME }}.mysql-github.mysql_handler-read_rnd_next
mysql,{{ HOSTNAME }}.mysql-github.mysql_handler-rollback
mysql,{{ HOSTNAME }}.mysql-github.mysql_handler-update
mysql,{{ HOSTNAME }}.mysql-github.mysql_handler-write
mysql,{{ HOSTNAME }}.mysql-github.mysql_innodb_data-fsyncs
mysql,{{ HOSTNAME }}.mysql-github.mysql_innodb_data-read
mysql,{{ HOSTNAME }}.mysql-github.mysql_innodb_data-reads
mysql,{{ HOSTNAME }}.mysql-github.mysql_innodb_data-writes
mysql,{{ HOSTNAME }}.mysql-github.mysql_innodb_data-written
mysql,{{ HOSTNAME }}.mysql-github.mysql_innodb_dblwr-writes
mysql,{{ HOSTNAME }}.mysql-github.mysql_innodb_dblwr-written
mysql,{{ HOSTNAME }}.mysql-github.mysql_innodb_log-fsyncs
mysql,{{ HOSTNAME }}.mysql-github.mysql_innodb_log-waits
mysql,{{ HOSTNAME }}.mysql-github.mysql_innodb_log-write_requests
mysql,{{ HOSTNAME }}.mysql-github.mysql_innodb_log-writes
mysql,{{ HOSTNAME }}.mysql-github.mysql_innodb_log-written
mysql,{{ HOSTNAME }}.mysql-github.mysql_innodb_pages-created
mysql,{{ HOSTNAME }}.mysql-github.mysql_innodb_pages-read
mysql,{{ HOSTNAME }}.mysql-github.mysql_innodb_pages-written
mysql,{{ HOSTNAME }}.mysql-github.mysql_innodb_row_lock-time
mysql,{{ HOSTNAME }}.mysql-github.mysql_innodb_row_lock-waits
mysql,{{ HOSTNAME }}.mysql-github.mysql_innodb_rows-deleted
mysql,{{ HOSTNAME }}.mysql-github.mysql_innodb_rows-inserted
mysql,{{ HOSTNAME }}.mysql-github.mysql_innodb_rows-read
mysql,{{ HOSTNAME }}.mysql-github.mysql_innodb_rows-updated
mysql,{{ HOSTNAME }}.mysql-github.mysql_locks-immediate
mysql,{{ HOSTNAME }}.mysql-github.mysql_locks-lock_deadlocks
mysql,{{ HOSTNAME }}.mysql-github.mysql_locks-lock_row_lock_current_waits
mysql,{{ HOSTNAME }}.mysql-github.mysql_locks-lock_timeouts
mysql,{{ HOSTNAME }}.mysql-github.mysql_locks-waited
mysql,{{ HOSTNAME }}.mysql-github.mysql_octets
mysql,{{ HOSTNAME }}.mysql-github.mysql_select-full_join
mysql,{{ HOSTNAME }}.mysql-github.mysql_select-full_range_join
mysql,{{ HOSTNAME }}.mysql-github.mysql_select-range
mysql,{{ HOSTNAME }}.mysql-github.mysql_select-range_check
mysql,{{ HOSTNAME }}.mysql-github.mysql_select-scan
mysql,{{ HOSTNAME }}.mysql-github.mysql_slow_queries
mysql,{{ HOSTNAME }}.mysql-github.mysql_sort-range
mysql,{{ HOSTNAME }}.mysql-github.mysql_sort-scan
mysql,{{ HOSTNAME }}.mysql-github.mysql_sort_merge_passes
mysql,{{ HOSTNAME }}.mysql-github.mysql_sort_rows
mysql,{{ HOSTNAME }}.mysql-github.operations-adaptive_hash_searches
mysql,{{ HOSTNAME }}.mysql-github.operations-dml_deletes
mysql,{{ HOSTNAME }}.mysql-github.operations-dml_inserts
mysql,{{ HOSTNAME }}.mysql-github.operations-dml_updates
mysql,{{ HOSTNAME }}.mysql-github.operations-ibuf_merges_delete
mysql,{{ HOSTNAME }}.mysql-github.operations-ibuf_merges_delete_mark
mysql,{{ HOSTNAME }}.mysql-github.operations-ibuf_merges_discard_delete
mysql,{{ HOSTNAME }}.mysql-github.operations-ibuf_merges_discard_delete_mark
mysql,{{ HOSTNAME }}.mysql-github.operations-ibuf_merges_discard_insert
mysql,{{ HOSTNAME }}.mysql-github.operations-ibuf_merges_insert
mysql,{{ HOSTNAME }}.mysql-github.operations-innodb_rwlock_s_os_waits
mysql,{{ HOSTNAME }}.mysql-github.operations-innodb_rwlock_s_spin_rounds
mysql,{{ HOSTNAME }}.mysql-github.operations-innodb_rwlock_s_spin_waits
mysql,{{ HOSTNAME }}.mysql-github.operations-innodb_rwlock_x_os_waits
mysql,{{ HOSTNAME }}.mysql-github.operations-innodb_rwlock_x_spin_rounds
mysql,{{ HOSTNAME }}.mysql-github.operations-innodb_rwlock_x_spin_waits
mysql,{{ HOSTNAME }}.mysql-github.operations-os_log_bytes_written
mysql,{{ HOSTNAME }}.mysql-github.operations-os_log_pending_fsyncs
mysql,{{ HOSTNAME }}.mysql-github.operations-os_log_pending_writes
mysql,{{ HOSTNAME }}.mysql-github.threads-cached
mysql,{{ HOSTNAME }}.mysql-github.threads-connected
mysql,{{ HOSTNAME }}.mysql-github.threads-running
mysql,{{ HOSTNAME }}.mysql-github.total_threads-created
mysql,{{ HOSTNAME }}.mysql-github.uptime
netlink,{{ HOSTNAME }}.netlink-tun0.if_collisions
netlink,{{ HOSTNAME }}.netlink-tun0.if_dropped
netlink,{{ HOSTNAME }}.netlink-tun0.if_errors
netlink,{{ HOSTNAME }}.netlink-tun0.if_multicast
netlink,{{ HOSTNAME }}.netlink-tun0.if_octets
netlink,{{ HOSTNAME }}.netlink-tun0.if_packets
netlink,{{ HOSTNAME }}.netlink-tun0.if_rx_errors-crc
netlink,{{ HOSTNAME }}.netlink-tun0.if_rx_errors-fifo
netlink,{{ HOSTNAME }}.netlink-tun0.if_rx_errors-frame
netlink,{{ HOSTNAME }}.netlink-tun0.if_rx_errors-length
netlink,{{ HOSTNAME }}.netlink-tun0.if_rx_errors-missed
netlink,{{ HOSTNAME }}.netlink-tun0.if_rx_errors-over
netlink,{{ HOSTNAME }}.netlink-tun0.if_rx_nohandler
netlink,{{ HOSTNAME }}.netlink-tun0.if_tx_errors-aborted
netlink,{{ HOSTNAME }}.netlink-tun0.if_tx_errors-carrier
netlink,{{ HOSTNAME }}.netlink-tun0.if_tx_errors-fifo
netlink,{{ HOSTNAME }}.netlink-tun0.if_tx_errors-heartbeat
netlink,{{ HOSTNAME }}.netlink-tun0.if_tx_errors-window
netlink,{{ HOSTNAME }}.netlink-{{ INTERFACE }}.if_collisions
netlink,{{ HOSTNAME }}.netlink-{{ INTERFACE }}.if_dropped
netlink,{{ HOSTNAME }}.netlink-{{ INTERFACE }}.if_errors
netlink,{{ HOSTNAME }}.netlink-{{ INTERFACE }}.if_multicast
netlink,{{ HOSTNAME }}.netlink-{{ INTERFACE }}.if_octets
netlink,{{ HOSTNAME }}.netlink-{{ INTERFACE }}.if_packets
netlink,{{ HOSTNAME }}.netlink-{{ INTERFACE }}.if_rx_errors-crc
netlink,{{ HOSTNAME }}.netlink-{{ INTERFACE }}.if_rx_errors-fifo
netlink,{{ HOSTNAME }}.netlink-{{ INTERFACE }}.if_rx_errors-frame
netlink,{{ HOSTNAME }}.netlink-{{ INTERFACE }}.if_rx_errors-length
netlink,{{ HOSTNAME }}.netlink-{{ INTERFACE }}.if_rx_errors-missed
netlink,{{ HOSTNAME }}.netlink-{{ INTERFACE }}.if_rx_errors-over
netlink,{{ HOSTNAME }}.netlink-{{ INTERFACE }}.if_rx_nohandler
netlink,{{ HOSTNAME }}.netlink-{{ INTERFACE }}.if_tx_dropped-class-mq-0:1
netlink,{{ HOSTNAME }}.netlink-{{ INTERFACE }}.if_tx_dropped-class-mq-0:2
netlink,{{ HOSTNAME }}.netlink-{{ INTERFACE }}.if_tx_dropped-class-mq-0:3
netlink,{{ HOSTNAME }}.netlink-{{ INTERFACE }}.if_tx_dropped-class-mq-0:4
netlink,{{ HOSTNAME }}.netlink-{{ INTERFACE }}.if_tx_dropped-class-mq-0:5
netlink,{{ HOSTNAME }}.netlink-{{ INTERFACE }}.if_tx_dropped-class-mq-0:6
netlink,{{ HOSTNAME }}.netlink-{{ INTERFACE }}.if_tx_dropped-class-mq-0:7
netlink,{{ HOSTNAME }}.netlink-{{ INTERFACE }}.if_tx_dropped-class-mq-0:8
netlink,{{ HOSTNAME }}.netlink-{{ INTERFACE }}.if_tx_dropped-qdisc-fq_codel-0:0
netlink,{{ HOSTNAME }}.netlink-{{ INTERFACE }}.if_tx_dropped-qdisc-mq-0:0
netlink,{{ HOSTNAME }}.netlink-{{ INTERFACE }}.if_tx_errors-aborted
netlink,{{ HOSTNAME }}.netlink-{{ INTERFACE }}.if_tx_errors-carrier
netlink,{{ HOSTNAME }}.netlink-{{ INTERFACE }}.if_tx_errors-fifo
netlink,{{ HOSTNAME }}.netlink-{{ INTERFACE }}.if_tx_errors-heartbeat
netlink,{{ HOSTNAME }}.netlink-{{ INTERFACE }}.if_tx_errors-window
netlink,{{ HOSTNAME }}.netlink-{{ INTERFACE }}.ipt_bytes-class-mq-0:1
netlink,{{ HOSTNAME }}.netlink-{{ INTERFACE }}.ipt_bytes-class-mq-0:2
netlink,{{ HOSTNAME }}.netlink-{{ INTERFACE }}.ipt_bytes-class-mq-0:3
netlink,{{ HOSTNAME }}.netlink-{{ INTERFACE }}.ipt_bytes-class-mq-0:4
netlink,{{ HOSTNAME }}.netlink-{{ INTERFACE }}.ipt_bytes-class-mq-0:5
netlink,{{ HOSTNAME }}.netlink-{{ INTERFACE }}.ipt_bytes-class-mq-0:6
netlink,{{ HOSTNAME }}.netlink-{{ INTERFACE }}.ipt_bytes-class-mq-0:7
netlink,{{ HOSTNAME }}.netlink-{{ INTERFACE }}.ipt_bytes-class-mq-0:8
netlink,{{ HOSTNAME }}.netlink-{{ INTERFACE }}.ipt_bytes-qdisc-fq_codel-0:0
netlink,{{ HOSTNAME }}.netlink-{{ INTERFACE }}.ipt_bytes-qdisc-mq-0:0
netlink,{{ HOSTNAME }}.netlink-{{ INTERFACE }}.ipt_packets-class-mq-0:1
netlink,{{ HOSTNAME }}.netlink-{{ INTERFACE }}.ipt_packets-class-mq-0:2
netlink,{{ HOSTNAME }}.netlink-{{ INTERFACE }}.ipt_packets-class-mq-0:3
netlink,{{ HOSTNAME }}.netlink-{{ INTERFACE }}.ipt_packets-class-mq-0:4
netlink,{{ HOSTNAME }}.netlink-{{ INTERFACE }}.ipt_packets-class-mq-0:5
netlink,{{ HOSTNAME }}.netlink-{{ INTERFACE }}.ipt_packets-class-mq-0:6
netlink,{{ HOSTNAME }}.netlink-{{ INTERFACE }}.ipt_packets-class-mq-0:7
netlink,{{ HOSTNAME }}.netlink-{{ INTERFACE }}.ipt_packets-class-mq-0:8
netlink,{{ HOSTNAME }}.netlink-{{ INTERFACE }}.ipt_packets-qdisc-fq_codel-0:0
netlink,{{ HOSTNAME }}.netlink-{{ INTERFACE }}.ipt_packets-qdisc-mq-0:0
nginx,{{ HOSTNAME }}.nginx.connections-accepted
nginx,{{ HOSTNAME }}.nginx.connections-failed
nginx,{{ HOSTNAME }}.nginx.connections-handled
nginx,{{ HOSTNAME }}.nginx.nginx_connections-active
nginx,{{ HOSTNAME }}.nginx.nginx_connections-reading
nginx,{{ HOSTNAME }}.nginx.nginx_connections-waiting
nginx,{{ HOSTNAME }}.nginx.nginx_connections-writing
nginx,{{ HOSTNAME }}.nginx.nginx_requests
nomad,{{ HOSTNAME }}.nomad.gauge-{{ NOMAD_JOB }}[0]_cpustats_percent
nomad,{{ HOSTNAME }}.nomad.gauge-{{ NOMAD_JOB }}[0]_cpustats_throttledperiods
nomad,{{ HOSTNAME }}.nomad.gauge-{{ NOMAD_JOB }}[0]_cpustats_throttledtime
nomad,{{ HOSTNAME }}.nomad.gauge-{{ NOMAD_JOB }}[0]_memorystats_cache
nomad,{{ HOSTNAME }}.nomad.gauge-{{ NOMAD_JOB }}[0]_memorystats_maxusage
nomad,{{ HOSTNAME }}.nomad.gauge-{{ NOMAD_JOB }}[0]_memorystats_rss
nomad,{{ HOSTNAME }}.nomad.gauge-{{ NOMAD_JOB }}[0]_memorystats_swap
nomad,{{ HOSTNAME }}.nomad.gauge-{{ NOMAD_JOB }}[0]_memorystats_usage
processes,{{ HOSTNAME }}.processes-{{ PROCESS }}.disk_octets
processes,{{ HOSTNAME }}.processes-{{ PROCESS }}.io_octets
processes,{{ HOSTNAME }}.processes-{{ PROCESS }}.io_ops
processes,{{ HOSTNAME }}.processes-{{ PROCESS }}.ps_code
processes,{{ HOSTNAME }}.processes-{{ PROCESS }}.ps_count
processes,{{ HOSTNAME }}.processes-{{ PROCESS }}.ps_cputime
processes,{{ HOSTNAME }}.processes-{{ PROCESS }}.ps_data
processes,{{ HOSTNAME }}.processes-{{ PROCESS }}.ps_pagefaults
processes,{{ HOSTNAME }}.processes-{{ PROCESS }}.ps_rss
processes,{{ HOSTNAME }}.processes-{{ PROCESS }}.ps_stacksize
processes,{{ HOSTNAME }}.processes-{{ PROCESS }}.ps_vm

redis,{{ HOSTNAME }}.redis-github.blocked_clients
redis,{{ HOSTNAME }}.redis-github.cache_result-hits
redis,{{ HOSTNAME }}.redis-github.cache_result-misses
redis,{{ HOSTNAME }}.redis-github.current_connections-clients
redis,{{ HOSTNAME }}.redis-github.current_connections-slaves
redis,{{ HOSTNAME }}.redis-github.evicted_keys
redis,{{ HOSTNAME }}.redis-github.expired_keys
redis,{{ HOSTNAME }}.redis-github.memory
redis,{{ HOSTNAME }}.redis-github.memory_lua
redis,{{ HOSTNAME }}.redis-github.percent-hitratio
redis,{{ HOSTNAME }}.redis-github.ps_cputime-children
redis,{{ HOSTNAME }}.redis-github.ps_cputime-daemon
redis,{{ HOSTNAME }}.redis-github.pubsub-channels
redis,{{ HOSTNAME }}.redis-github.pubsub-patterns
redis,{{ HOSTNAME }}.redis-github.records-0
redis,{{ HOSTNAME }}.redis-github.records-1
redis,{{ HOSTNAME }}.redis-github.records-2
redis,{{ HOSTNAME }}.redis-github.records-5
redis,{{ HOSTNAME }}.redis-github.total_bytes-input
redis,{{ HOSTNAME }}.redis-github.total_bytes-output
redis,{{ HOSTNAME }}.redis-github.total_connections
redis,{{ HOSTNAME }}.redis-github.total_operations
redis,{{ HOSTNAME }}.redis-github.uptime
redis,{{ HOSTNAME }}.redis-github.volatile_changes
statsd,{{ HOSTNAME }}.statsd.derive-alive.router.kafka.request.pending
statsd,{{ HOSTNAME }}.statsd.derive-aqueduct-lite.request.count.200
poupdate
second
